event,hash_rate,blocks_before,blocks_after,tx_added,doc_flag,nodes_count,attack_type,label_attack,blocks_delta
add_node,10.0,0.0,0.0,0.0,0,0.0,none,0,0.0
add_node,20.0,0.0,0.0,0.0,0,0.0,none,0,0.0
add_node,30.0,0.0,0.0,0.0,0,0.0,none,0,0.0
add_node,40.0,0.0,0.0,0.0,0,0.0,none,0,0.0
add_node,50.0,0.0,0.0,0.0,0,0.0,none,0,0.0
hashrate_blockchain_len,0.0,10.0,10.0,0.0,0,0.0,Hashrate,1,0.0
tx_added,0.0,0.0,0.0,1.0,0,0.0,SmartContract,0,0.0
tx_added,0.0,0.0,0.0,0.0,0,0.0,SmartContract,1,0.0
finney_block_added,0.0,0.0,0.0,0.0,0,0.0,Finney,1,0.0
doc_flag,0.0,0.0,0.0,0.0,1,0.0,DoC,1,0.0
sybil_nodes,0.0,0.0,0.0,0.0,0,11.0,Sybil,1,0.0
eclipse_nodes,0.0,0.0,0.0,0.0,0,1.0,Eclipse,1,0.0
tx_added,0.0,0.0,0.0,0.0,0,0.0,SmartContract,1,0.0
finney_block_added,0.0,0.0,0.0,0.0,0,0.0,Finney,0,0.0
hashrate_blockchain_len,0.0,1.0,1.0,0.0,0,0.0,Hashrate,1,0.0
