event,hash_rate,blocks_before,blocks_after,tx_added,doc_flag,nodes_count,attack_type,label_attack,blocks_delta
add_node,170.0,0.0,0.0,0.0,0,0.0,none,0,0.0
add_node,70.0,0.0,0.0,0.0,0,0.0,none,0,0.0
add_node,15.0,0.0,0.0,0.0,0,0.0,none,0,0.0
add_node,135.0,0.0,0.0,0.0,0,0.0,none,0,0.0
add_node,190.0,0.0,0.0,0.0,0,0.0,none,0,0.0
add_node,100.0,0.0,0.0,0.0,0,0.0,none,0,0.0
add_node,35.0,0.0,0.0,0.0,0,0.0,none,0,0.0
add_node,65.0,0.0,0.0,0.0,0,0.0,none,0,0.0
add_node,165.0,0.0,0.0,0.0,0,0.0,none,0,0.0
add_node,115.0,0.0,0.0,0.0,0,0.0,none,0,0.0
add_node,180.0,0.0,0.0,0.0,0,0.0,none,0,0.0
add_node,75.0,0.0,0.0,0.0,0,0.0,none,0,0.0
add_node,105.0,0.0,0.0,0.0,0,0.0,none,0,0.0
add_node,55.0,0.0,0.0,0.0,0,0.0,none,0,0.0
add_node,150.0,0.0,0.0,0.0,0,0.0,none,0,0.0
add_node,130.0,0.0,0.0,0.0,0,0.0,none,0,0.0
add_node,90.0,0.0,0.0,0.0,0,0.0,none,0,0.0
add_node,30.0,0.0,0.0,0.0,0,0.0,none,0,0.0
add_node,110.0,0.0,0.0,0.0,0,0.0,none,0,0.0
add_node,80.0,0.0,0.0,0.0,0,0.0,none,0,0.0
add_node,145.0,0.0,0.0,0.0,0,0.0,none,0,0.0
add_node,120.0,0.0,0.0,0.0,0,0.0,none,0,0.0
add_node,25.0,0.0,0.0,0.0,0,0.0,none,0,0.0
add_node,10.0,0.0,0.0,0.0,0,0.0,none,0,0.0
add_node,20.0,0.0,0.0,0.0,0,0.0,none,0,0.0
add_node,60.0,0.0,0.0,0.0,0,0.0,none,0,0.0
add_node,195.0,0.0,0.0,0.0,0,0.0,none,0,0.0
add_node,175.0,0.0,0.0,0.0,0,0.0,none,0,0.0
add_node,40.0,0.0,0.0,0.0,0,0.0,none,0,0.0
add_node,125.0,0.0,0.0,0.0,0,0.0,none,0,0.0
hashrate_blockchain_len,0.0,38.0,38.0,0.0,0,0.0,Hashrate,1,0.0
hashrate_blockchain_len,0.0,21.0,21.0,0.0,0,0.0,Hashrate,1,0.0
hashrate_blockchain_len,0.0,16.0,16.0,0.0,0,0.0,Hashrate,1,0.0
hashrate_blockchain_len,0.0,28.0,28.0,0.0,0,0.0,Hashrate,1,0.0
hashrate_blockchain_len,0.0,36.0,36.0,0.0,0,0.0,Hashrate,1,0.0
hashrate_blockchain_len,0.0,27.0,27.0,0.0,0,0.0,Hashrate,1,0.0
tx_added,0.0,0.0,0.0,1.0,0,0.0,SmartContract,0,0.0
tx_added,0.0,0.0,0.0,1.0,0,0.0,SmartContract,0,0.0
finney_block_added,0.0,0.0,0.0,0.0,0,0.0,Finney,1,0.0
tx_added,0.0,0.0,0.0,1.0,0,0.0,SmartContract,0,0.0
tx_added,0.0,0.0,0.0,1.0,0,0.0,SmartContract,0,0.0
finney_block_added,0.0,0.0,0.0,0.0,0,0.0,Finney,1,0.0
tx_added,0.0,0.0,0.0,1.0,0,0.0,SmartContract,0,0.0
tx_added,0.0,0.0,0.0,1.0,0,0.0,SmartContract,0,0.0
finney_block_added,0.0,0.0,0.0,0.0,0,0.0,Finney,1,0.0
tx_added,0.0,0.0,0.0,0.0,0,0.0,SmartContract,1,0.0
tx_added,0.0,0.0,0.0,0.0,0,0.0,SmartContract,1,0.0
finney_block_added,0.0,0.0,0.0,0.0,0,0.0,Finney,1,0.0
tx_added,0.0,0.0,0.0,1.0,0,0.0,SmartContract,0,0.0
tx_added,0.0,0.0,0.0,1.0,0,0.0,SmartContract,0,0.0
finney_block_added,0.0,0.0,0.0,0.0,0,0.0,Finney,0,0.0
tx_added,0.0,0.0,0.0,1.0,0,0.0,SmartContract,0,0.0
tx_added,0.0,0.0,0.0,1.0,0,0.0,SmartContract,0,0.0
finney_block_added,0.0,0.0,0.0,0.0,0,0.0,Finney,0,0.0
tx_added,0.0,0.0,0.0,1.0,0,0.0,SmartContract,0,0.0
tx_added,0.0,0.0,0.0,0.0,0,0.0,SmartContract,1,0.0
finney_block_added,0.0,0.0,0.0,0.0,0,0.0,Finney,1,0.0
tx_added,0.0,0.0,0.0,1.0,0,0.0,SmartContract,0,0.0
tx_added,0.0,0.0,0.0,1.0,0,0.0,SmartContract,0,0.0
finney_block_added,0.0,0.0,0.0,0.0,0,0.0,Finney,1,0.0
tx_added,0.0,0.0,0.0,1.0,0,0.0,SmartContract,0,0.0
tx_added,0.0,0.0,0.0,1.0,0,0.0,SmartContract,0,0.0
finney_block_added,0.0,0.0,0.0,0.0,0,0.0,Finney,1,0.0
tx_added,0.0,0.0,0.0,0.0,0,0.0,SmartContract,1,0.0
tx_added,0.0,0.0,0.0,1.0,0,0.0,SmartContract,0,0.0
finney_block_added,0.0,0.0,0.0,0.0,0,0.0,Finney,1,0.0
tx_added,0.0,0.0,0.0,1.0,0,0.0,SmartContract,0,0.0
tx_added,0.0,0.0,0.0,1.0,0,0.0,SmartContract,0,0.0
finney_block_added,0.0,0.0,0.0,0.0,0,0.0,Finney,0,0.0
tx_added,0.0,0.0,0.0,1.0,0,0.0,SmartContract,0,0.0
tx_added,0.0,0.0,0.0,0.0,0,0.0,SmartContract,1,0.0
finney_block_added,0.0,0.0,0.0,0.0,0,0.0,Finney,0,0.0
tx_added,0.0,0.0,0.0,1.0,0,0.0,SmartContract,0,0.0
tx_added,0.0,0.0,0.0,0.0,0,0.0,SmartContract,1,0.0
finney_block_added,0.0,0.0,0.0,0.0,0,0.0,Finney,0,0.0
tx_added,0.0,0.0,0.0,1.0,0,0.0,SmartContract,0,0.0
tx_added,0.0,0.0,0.0,0.0,0,0.0,SmartContract,1,0.0
finney_block_added,0.0,0.0,0.0,0.0,0,0.0,Finney,0,0.0
tx_added,0.0,0.0,0.0,0.0,0,0.0,SmartContract,1,0.0
tx_added,0.0,0.0,0.0,0.0,0,0.0,SmartContract,1,0.0
finney_block_added,0.0,0.0,0.0,0.0,0,0.0,Finney,1,0.0
tx_added,0.0,0.0,0.0,1.0,0,0.0,SmartContract,0,0.0
tx_added,0.0,0.0,0.0,0.0,0,0.0,SmartContract,1,0.0
finney_block_added,0.0,0.0,0.0,0.0,0,0.0,Finney,0,0.0
tx_added,0.0,0.0,0.0,1.0,0,0.0,SmartContract,0,0.0
tx_added,0.0,0.0,0.0,0.0,0,0.0,SmartContract,1,0.0
finney_block_added,0.0,0.0,0.0,0.0,0,0.0,Finney,0,0.0
tx_added,0.0,0.0,0.0,0.0,0,0.0,SmartContract,1,0.0
tx_added,0.0,0.0,0.0,0.0,0,0.0,SmartContract,1,0.0
finney_block_added,0.0,0.0,0.0,0.0,0,0.0,Finney,0,0.0
tx_added,0.0,0.0,0.0,1.0,0,0.0,SmartContract,0,0.0
tx_added,0.0,0.0,0.0,0.0,0,0.0,SmartContract,1,0.0
finney_block_added,0.0,0.0,0.0,0.0,0,0.0,Finney,1,0.0
tx_added,0.0,0.0,0.0,1.0,0,0.0,SmartContract,0,0.0
tx_added,0.0,0.0,0.0,1.0,0,0.0,SmartContract,0,0.0
finney_block_added,0.0,0.0,0.0,0.0,0,0.0,Finney,0,0.0
doc_flag,0.0,0.0,0.0,0.0,1,0.0,DoC,1,0.0
doc_flag,0.0,0.0,0.0,0.0,1,0.0,DoC,1,0.0
doc_flag,0.0,0.0,0.0,0.0,1,0.0,DoC,1,0.0
doc_flag,0.0,0.0,0.0,0.0,1,0.0,DoC,1,0.0
doc_flag,0.0,0.0,0.0,0.0,1,0.0,DoC,1,0.0
doc_flag,0.0,0.0,0.0,0.0,1,0.0,DoC,1,0.0
doc_flag,0.0,0.0,0.0,0.0,1,0.0,DoC,1,0.0
doc_flag,0.0,0.0,0.0,0.0,1,0.0,DoC,1,0.0
doc_flag,0.0,0.0,0.0,0.0,1,0.0,DoC,1,0.0
doc_flag,0.0,0.0,0.0,0.0,1,0.0,DoC,1,0.0
doc_flag,0.0,0.0,0.0,0.0,1,0.0,DoC,1,0.0
doc_flag,0.0,0.0,0.0,0.0,1,0.0,DoC,1,0.0
doc_flag,0.0,0.0,0.0,0.0,1,0.0,DoC,1,0.0
doc_flag,0.0,0.0,0.0,0.0,1,0.0,DoC,1,0.0
doc_flag,0.0,0.0,0.0,0.0,1,0.0,DoC,1,0.0
sybil_nodes,0.0,0.0,0.0,0.0,0,20.0,Sybil,1,0.0
sybil_nodes,0.0,0.0,0.0,0.0,0,41.0,Sybil,1,0.0
sybil_nodes,0.0,0.0,0.0,0.0,0,36.0,Sybil,1,0.0
sybil_nodes,0.0,0.0,0.0,0.0,0,31.0,Sybil,1,0.0
sybil_nodes,0.0,0.0,0.0,0.0,0,14.0,Sybil,1,0.0
sybil_nodes,0.0,0.0,0.0,0.0,0,23.0,Sybil,1,0.0
sybil_nodes,0.0,0.0,0.0,0.0,0,21.0,Sybil,1,0.0
sybil_nodes,0.0,0.0,0.0,0.0,0,8.0,Sybil,1,0.0
sybil_nodes,0.0,0.0,0.0,0.0,0,8.0,Sybil,1,0.0
sybil_nodes,0.0,0.0,0.0,0.0,0,14.0,Sybil,1,0.0
sybil_nodes,0.0,0.0,0.0,0.0,0,9.0,Sybil,1,0.0
sybil_nodes,0.0,0.0,0.0,0.0,0,27.0,Sybil,1,0.0
sybil_nodes,0.0,0.0,0.0,0.0,0,41.0,Sybil,1,0.0
sybil_nodes,0.0,0.0,0.0,0.0,0,29.0,Sybil,1,0.0
sybil_nodes,0.0,0.0,0.0,0.0,0,45.0,Sybil,1,0.0
sybil_nodes,0.0,0.0,0.0,0.0,0,30.0,Sybil,1,0.0
sybil_nodes,0.0,0.0,0.0,0.0,0,47.0,Sybil,1,0.0
sybil_nodes,0.0,0.0,0.0,0.0,0,44.0,Sybil,1,0.0
eclipse_nodes,0.0,0.0,0.0,0.0,0,2.0,Eclipse,1,0.0
eclipse_nodes,0.0,0.0,0.0,0.0,0,2.0,Eclipse,1,0.0
eclipse_nodes,0.0,0.0,0.0,0.0,0,4.0,Eclipse,1,0.0
eclipse_nodes,0.0,0.0,0.0,0.0,0,3.0,Eclipse,1,0.0
eclipse_nodes,0.0,0.0,0.0,0.0,0,1.0,Eclipse,1,0.0
eclipse_nodes,0.0,0.0,0.0,0.0,0,1.0,Eclipse,1,0.0
eclipse_nodes,0.0,0.0,0.0,0.0,0,2.0,Eclipse,1,0.0
eclipse_nodes,0.0,0.0,0.0,0.0,0,2.0,Eclipse,1,0.0
eclipse_nodes,0.0,0.0,0.0,0.0,0,2.0,Eclipse,1,0.0
eclipse_nodes,0.0,0.0,0.0,0.0,0,4.0,Eclipse,1,0.0
eclipse_nodes,0.0,0.0,0.0,0.0,0,4.0,Eclipse,1,0.0
eclipse_nodes,0.0,0.0,0.0,0.0,0,1.0,Eclipse,1,0.0
tx_added,0.0,0.0,0.0,0.0,0,0.0,SmartContract,1,0.0
finney_block_added,0.0,0.0,0.0,0.0,0,0.0,Finney,0,0.0
tx_added,0.0,0.0,0.0,0.0,0,0.0,SmartContract,1,0.0
finney_block_added,0.0,0.0,0.0,0.0,0,0.0,Finney,1,0.0
tx_added,0.0,0.0,0.0,0.0,0,0.0,SmartContract,1,0.0
finney_block_added,0.0,0.0,0.0,0.0,0,0.0,Finney,0,0.0
tx_added,0.0,0.0,0.0,0.0,0,0.0,SmartContract,1,0.0
finney_block_added,0.0,0.0,0.0,0.0,0,0.0,Finney,1,0.0
tx_added,0.0,0.0,0.0,0.0,0,0.0,SmartContract,1,0.0
finney_block_added,0.0,0.0,0.0,0.0,0,0.0,Finney,0,0.0
tx_added,0.0,0.0,0.0,0.0,0,0.0,SmartContract,1,0.0
finney_block_added,0.0,0.0,0.0,0.0,0,0.0,Finney,0,0.0
tx_added,0.0,0.0,0.0,0.0,0,0.0,SmartContract,1,0.0
finney_block_added,0.0,0.0,0.0,0.0,0,0.0,Finney,0,0.0
tx_added,0.0,0.0,0.0,0.0,0,0.0,SmartContract,1,0.0
finney_block_added,0.0,0.0,0.0,0.0,0,0.0,Finney,1,0.0
tx_added,0.0,0.0,0.0,0.0,0,0.0,SmartContract,1,0.0
finney_block_added,0.0,0.0,0.0,0.0,0,0.0,Finney,0,0.0
tx_added,0.0,0.0,0.0,0.0,0,0.0,SmartContract,1,0.0
finney_block_added,0.0,0.0,0.0,0.0,0,0.0,Finney,1,0.0
tx_added,0.0,0.0,0.0,0.0,0,0.0,SmartContract,1,0.0
finney_block_added,0.0,0.0,0.0,0.0,0,0.0,Finney,0,0.0
tx_added,0.0,0.0,0.0,0.0,0,0.0,SmartContract,1,0.0
finney_block_added,0.0,0.0,0.0,0.0,0,0.0,Finney,1,0.0
tx_added,0.0,0.0,0.0,0.0,0,0.0,SmartContract,1,0.0
finney_block_added,0.0,0.0,0.0,0.0,0,0.0,Finney,1,0.0
tx_added,0.0,0.0,0.0,0.0,0,0.0,SmartContract,1,0.0
finney_block_added,0.0,0.0,0.0,0.0,0,0.0,Finney,1,0.0
tx_added,0.0,0.0,0.0,0.0,0,0.0,SmartContract,1,0.0
finney_block_added,0.0,0.0,0.0,0.0,0,0.0,Finney,0,0.0
tx_added,0.0,0.0,0.0,0.0,0,0.0,SmartContract,1,0.0
finney_block_added,0.0,0.0,0.0,0.0,0,0.0,Finney,0,0.0
tx_added,0.0,0.0,0.0,0.0,0,0.0,SmartContract,1,0.0
finney_block_added,0.0,0.0,0.0,0.0,0,0.0,Finney,1,0.0
tx_added,0.0,0.0,0.0,0.0,0,0.0,SmartContract,1,0.0
finney_block_added,0.0,0.0,0.0,0.0,0,0.0,Finney,0,0.0
tx_added,0.0,0.0,0.0,0.0,0,0.0,SmartContract,1,0.0
finney_block_added,0.0,0.0,0.0,0.0,0,0.0,Finney,0,0.0
tx_added,0.0,0.0,0.0,0.0,0,0.0,SmartContract,1,0.0
finney_block_added,0.0,0.0,0.0,0.0,0,0.0,Finney,0,0.0
